{
  "1shot": {
    "mean": 0.4115888240200167,
    "std": 0.05642007640993404,
    "max": 0.5771476230191827,
    "min": 0.21309424520433695,
    "median": 0.41367806505421184,
    "all_values": [
      0.43869891576313597,
      0.41993327773144284,
      0.3999165971643036,
      0.45954962468723937,
      0.3665554628857381,
      0.4224353628023353,
      0.5233527939949958,
      0.43369474562135113,
      0.365721434528774,
      0.44370308590492075,
      0.41492910758965806,
      0.35154295246038364,
      0.30150125104253545,
      0.42952460383653046,
      0.38448707256046705,
      0.3707256046705588,
      0.4032527105921601,
      0.37155963302752293,
      0.44578815679733114,
      0.4482902418682235,
      0.4524603836530442,
      0.36989157631359465,
      0.49499582985821516,
      0.408673894912427,
      0.42827356130108424,
      0.21309424520433695,
      0.4841534612176814,
      0.46246872393661387,
      0.40200166805671395,
      0.4432860717264387,
      0.41909924937447873,
      0.40575479566305256,
      0.4299416180150125,
      0.43994995829858213,
      0.3969974979149291,
      0.4249374478732277,
      0.36196830692243537,
      0.4962468723936614,
      0.35571309424520436,
      0.5037531276063386,
      0.4866555462885738,
      0.4378648874061718,
      0.5141784820683903,
      0.4140950792326939,
      0.4278565471226022,
      0.41492910758965806,
      0.5108423686405338,
      0.4124270225187656,
      0.377814845704754,
      0.41117597998331945,
      0.36905754795663054,
      0.43202668890742285,
      0.3323603002502085,
      0.5,
      0.3065054211843203,
      0.34445371142618847,
      0.3511259382819016,
      0.39532944120100083,
      0.4603836530442035,
      0.41117597998331945,
      0.4424520433694746,
      0.4691409507923269,
      0.4132610508757298,
      0.37531276063386154,
      0.46246872393661387,
      0.37281067556296915,
      0.45037531276063386,
      0.39241034195162633,
      0.43369474562135113,
      0.4011676396997498,
      0.36905754795663054,
      0.45204336947456214,
      0.4007506255212677,
      0.3786488740617181,
      0.46121768140116765,
      0.41117597998331945,
      0.39241034195162633,
      0.35529608006672225,
      0.3861551292743953,
      0.44578815679733114,
      0.5771476230191827,
      0.3340283569641368,
      0.3886572143452877,
      0.3586321934945788,
      0.45037531276063386,
      0.44120100083402836,
      0.4124270225187656,
      0.3986655546288574,
      0.2885738115095913,
      0.3386155129274395,
      0.4487072560467056,
      0.3148457047539616,
      0.4286905754795663,
      0.27231025854879065,
      0.4011676396997498,
      0.3523769808173478,
      0.4157631359466222,
      0.457047539616347,
      0.43202668890742285,
      0.4829024186822352
    ]
  },
  "3shot": {
    "mean": 0.6169153394803017,
    "std": 0.04861299085102753,
    "max": 0.7183570829840737,
    "min": 0.4920368818105616,
    "median": 0.6223805532271585,
    "all_values": [
      0.6529756915339481,
      0.5817267393126572,
      0.5377200335289187,
      0.577116512992456,
      0.6022632020117351,
      0.6517183570829841,
      0.6655490360435876,
      0.5196982397317687,
      0.6366303436714166,
      0.6261525565800503,
      0.5360435875943,
      0.6353730092204526,
      0.5955574182732607,
      0.6278290025146689,
      0.4920368818105616,
      0.5901089689857502,
      0.625314333612741,
      0.6525565800502934,
      0.6064543168482817,
      0.5863369656328583,
      0.6810561609388097,
      0.49874266554903607,
      0.5393964794635373,
      0.6316010058675607,
      0.6328583403185247,
      0.6797988264878457,
      0.6257334450963956,
      0.5616093880972338,
      0.6077116512992456,
      0.5792120704107293,
      0.6739312657166806,
      0.6173512154233026,
      0.6110645431684828,
      0.6751886001676446,
      0.645850796311819,
      0.6865046102263203,
      0.5574182732606874,
      0.6370494551550713,
      0.5846605196982397,
      0.5825649622799665,
      0.6202849958088852,
      0.5565800502933781,
      0.6198658843252305,
      0.6437552388935457,
      0.6827326068734283,
      0.6404023470243084,
      0.5984911986588433,
      0.6282481139983236,
      0.6110645431684828,
      0.6827326068734283,
      0.647108130762783,
      0.6785414920368819,
      0.6429170159262364,
      0.644593461860855,
      0.6978206202849958,
      0.7162615255658005,
      0.5787929589270746,
      0.6077116512992456,
      0.5783738474434199,
      0.6031014249790444,
      0.625314333612741,
      0.6110645431684828,
      0.5754400670578373,
      0.5339480301760269,
      0.6517183570829841,
      0.586756077116513,
      0.5775356244761106,
      0.5498742665549036,
      0.6047778709136631,
      0.6429170159262364,
      0.6693210393964795,
      0.624056999161777,
      0.6546521374685667,
      0.5905280804694049,
      0.606035205364627,
      0.6353730092204526,
      0.6693210393964795,
      0.6207041072925398,
      0.519279128248114,
      0.5540653813914501,
      0.6383067896060352,
      0.6110645431684828,
      0.6374685666387259,
      0.5498742665549036,
      0.5746018440905281,
      0.6835708298407376,
      0.6559094719195306,
      0.6366303436714166,
      0.7062028499580888,
      0.7183570829840737,
      0.6303436714165969,
      0.6739312657166806,
      0.7095557418273261,
      0.6202849958088852,
      0.633696563285834,
      0.5926236378876781,
      0.5737636211232188,
      0.6437552388935457,
      0.5423302598491199,
      0.5687342833193629
    ]
  },
  "5shot": {
    "mean": 0.7077801179443978,
    "std": 0.047647605287719864,
    "max": 0.8277169334456613,
    "min": 0.5766638584667229,
    "median": 0.7061920808761584,