{
  "1shot": {
    "mean": 0.7053415195702226,
    "std": 0.11052338155754558,
    "max": 0.8541826554105909,
    "min": 0.2881811204911742,
    "median": 0.727743668457406,
    "all_values": [
      0.8150422102839601,
      0.4585571757482732,
      0.672678434382195,
      0.8234842670759785,
      0.6343054489639294,
      0.7732156561780507,
      0.717191097467383,
      0.6884113584036838,
      0.7206446661550269,
      0.7329240214888718,
      0.7874136607828089,
      0.7705295471987721,
      0.7877973906369916,
      0.37452033768227166,
      0.646968534151957,
      0.806216423637759,
      0.6128165771297007,
      0.7325402916346891,
      0.7137375287797391,
      0.7313891020721413,
      0.7168073676132003,
      0.7643898695318496,
      0.7927858787413661,
      0.6749808135072909,
      0.6266308518802763,
      0.8012279355333844,
      0.8303914044512664,
      0.7705295471987721,
      0.8138910207214122,
      0.7486569455103607,
      0.7881811204911742,
      0.8541826554105909,
      0.8411358403683806,
      0.781657712970069,
      0.7217958557175749,
      0.5141980046047583,
      0.4804297774366846,
      0.7099002302379125,
      0.4009976976208749,
      0.749424405218726,
      0.8219493476592479,
      0.7693783576362241,
      0.6826554105909439,
      0.672678434382195,
      0.7935533384497314,
      0.4535686876438987,
      0.4834996162701458,
      0.8085188027628549,
      0.7478894858019954,
      0.8092862624712203,
      0.5479662317728319,
      0.639293937068304,
      0.5748273215656178,
      0.6688411358403684,
      0.8096699923254029,
      0.7003069838833461,
      0.7877973906369916,
      0.7996930161166539,
      0.6891788181120491,
      0.6711435149654643,
      0.8257866462010744,
      0.7747505755947812,
      0.5072908672294705,
      0.6788181120491175,
      0.6742133537989256,
      0.6880276285495012,
      0.8254029163468918,
      0.7321565617805065,
      0.716039907904835,
      0.7302379125095932,
      0.6880276285495012,
      0.7210283960092095,
      0.7785878741366078,
      0.2881811204911742,
      0.7006907137375288,
      0.8154259401381427,
      0.6872601688411358,
      0.7252494244052188,
      0.6734458940905602,
      0.7732156561780507,
      0.7551803530314658,
      0.5437452033768227,
      0.7843438219493477,
      0.7352264006139677,
      0.6607828089025326,
      0.7524942440521872,
      0.6039907904834996,
      0.8334612432847276,
      0.8315425940138143,
      0.5706062931696086,
      0.8031465848042978,
      0.7851112816577129,
      0.6650038372985418,
      0.7574827321565618,
      0.6753645433614736,
      0.5821181887950883,
      0.8280890253261703,
      0.6792018419033001,
      0.7490406753645433,
      0.6201074443591711
    ]
  },
  "3shot": {
    "mean": 0.8750307929176289,
    "std": 0.042557322224600604,
    "max": 0.9491916859122402,
    "min": 0.7448036951501155,
    "median": 0.8822170900692841,
    "all_values": [
      0.8837567359507313,
      0.8945342571208622,
      0.8710546574287914,
      0.8521939953810623,
      0.7613548883756736,
      0.8976135488837568,
      0.8202463433410315,
      0.876058506543495,
      0.9210931485758276,
      0.9164742109314857,
      0.8852963818321786,
      0.8841416474210931,
      0.9060816012317167,
      0.8764434180138568,
      0.9491916859122402,
      0.8779830638953041,
      0.9245573518090839,
      0.8964588144726713,
      0.8695150115473441,
      0.8872209391839877,
      0.8371824480369515,
      0.8818321785989223,
      0.8972286374133949,
      0.8903002309468823,
      0.9464973056197075,
      0.8140877598152425,
      0.815242494226328,
      0.8429561200923787,
      0.8752886836027713,
      0.8991531947652041,
      0.8856812933025404,
      0.8768283294842186,
      0.8818321785989223,
      0.9176289453425712,
      0.8929946112394149,
      0.8779830638953041,
      0.8441108545034642,
      0.8999230177059276,
      0.8622016936104696,
      0.9018475750577367,
      0.9141647421093149,
      0.9422632794457275,
      0.8672055427251733,
      0.8783679753656659,
      0.9137798306389531,
      0.8602771362586605,
      0.880292532717475,
      0.9045419553502695,
      0.9145496535796767,
      0.7621247113163973,
      0.8883756735950731,
      0.8137028483448807,
      0.8310238645111624,
      0.9107005388760585,
      0.8290993071593533,
      0.7975365665896844,
      0.8856812933025404,
      0.8652809853733642,
      0.7675134719014627,
      0.8456505003849115,
      0.9141647421093149,
      0.8729792147806005,
      0.8302540415704388,
      0.7609699769053118,
      0.8799076212471132,
      0.8822170900692841,
      0.857197844495766,
      0.8795227097767514,
      0.8729792147806005,
      0.8926096997690531,
      0.9226327944572749,
      0.7448036951501155,
      0.8837567359507313,
      0.865665896843726,
      0.8918398768283294,
      0.9434180138568129,
      0.8879907621247113,
      0.8749037721324096,
      0.8822170900692841,
      0.8822170900692841,
      0.9337952270977675,
      0.8968437259430331,
      0.8079291762894534,
      0.8698999230177059,
      0.7813702848344881,
      0.8310238645111624,
      0.8983833718244804,
      0.9176289453425712,
      0.8806774441878368,
      0.8879907621247113,
      0.9345650500384911,
      0.8852963818321786,
      0.8664357197844496,
      0.9237875288683602,
      0.8972286374133949,
      0.8410315627405697,
      0.8937644341801386,
      0.9114703618167821,
      0.8283294842186297,
      0.9291762894534257
    ]
  },
  "5shot": {
    "mean": 0.9137528957528959,
    "std": 0.027512939179131037,
    "max": 0.974903474903475,
    "min": 0.8625482625482626,
    "median": 0.9113899613899614,