{
  "1shot": {
    "mean_mean": 0.7021578408800204,
    "mean_std": 0.004337938099126731,
    "std_mean": 0.10205525155820461,
    "all_means": [
      0.7051074443591712,
      0.7053415195702226,
      0.6960245587106677
    ],
    "all_stds": [
      0.09302932613855207,
      0.11052338155754558,
      0.10261304697851616
    ]
  },
  "3shot": {
    "mean_mean": 0.8750577367205543,
    "mean_std": 0.003383265997714909,
    "std_mean": 0.04068387272208195,
    "all_means": [
      0.8792147806004619,
      0.8750307929176289,
      0.8709276366435721
    ],
    "all_stds": [
      0.037953910524588845,
      0.042557322224600604,
      0.041540385417056416
    ]
  },
  "5shot": {
    "mean_mean": 0.916895752895753,
    "mean_std": 0.002460506819130805,
    "std_mean": 0.029458468911627386,
    "all_means": [
      0.9171737451737453,
      0.9137528957528959,
      0.9197606177606177
    ],
    "all_stds": [
      0.03082979452135751,
      0.027512939179131037,
      0.030032673034393605
    ]
  }
}