{
  "1shot": {
    "mean": 0.4138740617180985,
    "std": 0.05520591939246381,
    "max": 0.5625521267723103,
    "min": 0.24562135112593828,
    "median": 0.41263552960800665,
    "all_values": [
      0.5625521267723103,
      0.4487072560467056,
      0.42535446205170974,
      0.4395329441201001,
      0.4186822351959967,
      0.44412010008340286,
      0.39658048373644705,
      0.3994995829858215,
      0.48748957464553794,
      0.3853211009174312,
      0.3623853211009174,
      0.42535446205170974,
      0.4829024186822352,
      0.4954128440366973,
      0.41659716430358634,
      0.3824020016680567,
      0.39366138448707255,
      0.3394495412844037,
      0.42577147623019185,
      0.47122602168473726,
      0.47414512093411176,
      0.47414512093411176,
      0.46246872393661387,
      0.48123436196830693,
      0.3340283569641368,
      0.34236864053377813,
      0.43869891576313597,
      0.35529608006672225,
      0.3615512927439533,
      0.4762301918265221,
      0.34904086738949125,
      0.43744787322768974,
      0.390325271059216,
      0.42368640533778146,
      0.31150959132610506,
      0.38073394495412843,
      0.4553794829024187,
      0.4316096747289408,
      0.3878231859883236,
      0.40658882402001667,
      0.5075062552126772,
      0.42035029190992496,
      0.5087572977481234,
      0.3640533778148457,
      0.4061718098415346,
      0.40450375312760634,
      0.39282735613010844,
      0.31317764804003334,
      0.341534612176814,
      0.36738949124270226,
      0.4099249374478732,
      0.41075896580483734,
      0.3348623853211009,
      0.4432860717264387,
      0.5041701417848207,
      0.4662218515429525,
      0.3919933277731443,
      0.40158465387823183,
      0.48040033361134277,
      0.4124270225187656,
      0.4482902418682235,
      0.3865721434528774,
      0.408673894912427,
      0.24562135112593828,
      0.46205170975813176,
      0.36989157631359465,
      0.4216013344453711,
      0.4132610508757298,
      0.45329441201000836,
      0.439115929941618,
      0.4916597164303586,
      0.41284403669724773,
      0.45329441201000836,
      0.4299416180150125,
      0.42952460383653046,
      0.3085904920767306,
      0.3886572143452877,
      0.39115929941618016,
      0.44370308590492075,
      0.3519599666388657,
      0.45829858215179314,
      0.4090909090909091,
      0.5337781484570475,
      0.4182652210175146,
      0.3219349457881568,
      0.4299416180150125,
      0.4032527105921601,
      0.45287739783152625,
      0.5329441201000834,
      0.46371976647206004,
      0.3894912427022519,
      0.34361968306922436,
      0.3427856547122602,
      0.39908256880733944,
      0.43494578815679735,
      0.40825688073394495,
      0.39824854045037533,
      0.35696413678065053,
      0.3457047539616347,
      0.33527939949958296
    ]
  },
  "3shot": {
    "mean": 0.6116764459346186,
    "std": 0.05570959432083007,
    "max": 0.730092204526404,
    "min": 0.4685666387259011,
    "median": 0.6211232187761945,
    "all_values": [
      0.588013411567477,
      0.6676445934618609,
      0.6093880972338642,
      0.7162615255658005,
      0.6248952221290863,
      0.6014249790444258,
      0.5062866722548198,
      0.6010058675607711,
      0.6450125733445097,
      0.644593461860855,
      0.6345347862531433,
      0.7091366303436715,
      0.625314333612741,
      0.5896898575020956,
      0.6135792120704108,
      0.5620284995808885,
      0.6278290025146689,
      0.6160938809723386,
      0.6265716680637049,
      0.730092204526404,
      0.4685666387259011,
      0.6877619446772841,
      0.6366303436714166,
      0.6475272422464375,
      0.6320201173512154,
      0.595138306789606,
      0.5624476110645432,
      0.6211232187761945,
      0.6647108130762783,
      0.6173512154233026,
      0.6341156747694887,
      0.5808885163453479,
      0.634953897736798,
      0.548197820620285,
      0.6211232187761945,
      0.5553227158424141,
      0.512154233025985,
      0.5720871751886002,
      0.6659681475272422,
      0.6219614417435038,
      0.624056999161777,
      0.6144174350377201,
      0.6617770326906958,
      0.5725062866722548,
      0.5943000838222967,
      0.6085498742665549,
      0.6387259010896899,
      0.6559094719195306,
      0.5448449287510477,
      0.6282481139983236,
      0.6169321039396479,
      0.6701592623637888,
      0.5888516345347863,
      0.4911986588432523,
      0.6651299245599329,
      0.5088013411567477,
      0.633696563285834,
      0.59639564124057,
      0.5800502933780386,
      0.6232187761944677,
      0.5972338642078793,
      0.6730930427493713,
      0.6416596814752724,
      0.6215423302598492,
      0.6701592623637888,
      0.5909471919530596,
      0.6554903604358759,
      0.6655490360435876,
      0.5884325230511316,
      0.6378876781223806,
      0.5586756077116513,
      0.6316010058675607,
      0.6429170159262364,
      0.5440067057837384,
      0.49497066219614416,
      0.6814752724224644,
      0.670997485331098,
      0.5616093880972338,
      0.7183570829840737,
      0.6601005867560771,
      0.6089689857502095,
      0.5699916177703269,
      0.5356244761106455,
      0.6802179379715004,
      0.5167644593461861,
      0.5301760268231349,
      0.691533948030176,
      0.5402347024308466,
      0.5339480301760269,
      0.5720871751886002,
      0.7158424140821459,
      0.6797988264878457,
      0.6760268231349539,
      0.5792120704107293,
      0.6316010058675607,
      0.654233025984912,
      0.5662196144174351,
      0.5922045264040234,
      0.5490360435875943,
      0.5
    ]
  },
  "5shot": {
    "mean": 0.7012173546756528,
    "std": 0.04864313513765545,
    "max": 0.8133951137320977,
    "min": 0.5800336983993261,
    "median": 0.7034540859309183,