{
  "1shot": {
    "mean": 0.40925771476230194,
    "std": 0.053247436424183246,
    "max": 0.5191826522101751,
    "min": 0.28023352793994993,
    "median": 0.408465387823186,
    "all_values": [
      0.36738949124270226,
      0.42577147623019185,
      0.3999165971643036,
      0.41993327773144284,
      0.40950792326939117,
      0.42201834862385323,
      0.44286905754795663,
      0.4824854045037531,
      0.32652210175145957,
      0.371976647206005,
      0.3603002502085071,
      0.36071726438698914,
      0.4361968306922435,
      0.420767306088407,
      0.29858215179316094,
      0.3748957464553795,
      0.45746455379482903,
      0.39824854045037533,
      0.43577981651376146,
      0.3703085904920767,
      0.4261884904086739,
      0.4482902418682235,
      0.353628023352794,
      0.4549624687239366,
      0.34612176814011675,
      0.43494578815679735,
      0.3060884070058382,
      0.34612176814011675,
      0.4516263552960801,
      0.46371976647206004,
      0.40825688073394495,
      0.5008340283569641,
      0.48498748957464555,
      0.3994995829858215,
      0.4983319432860717,
      0.3824020016680567,
      0.40825688073394495,
      0.3523769808173478,
      0.3869891576313595,
      0.4845704753961635,
      0.4245204336947456,
      0.4040867389491243,
      0.44203502919099247,
      0.45954962468723937,
      0.304837364470392,
      0.34904086738949125,
      0.4049207673060884,
      0.35571309424520436,
      0.44787322768974147,
      0.47206005004170143,
      0.5187656380316931,
      0.4499582985821518,
      0.41451209341117595,
      0.3653044203502919,
      0.46121768140116765,
      0.3773978315262719,
      0.28023352793994993,
      0.4361968306922435,
      0.3969974979149291,
      0.35446205170975814,
      0.47706422018348627,
      0.49416180150125105,
      0.34070058381984986,
      0.408673894912427,
      0.4691409507923269,
      0.42910758965804835,
      0.4445371142618849,
      0.420767306088407,
      0.34612176814011675,
      0.4841534612176814,
      0.3907422852376981,
      0.34111759799833197,
      0.34987489574645536,
      0.3678065054211843,
      0.4845704753961635,
      0.40658882402001667,
      0.3202668890742285,
      0.402418682235196,
      0.4578815679733111,
      0.44412010008340286,
      0.3853211009174312,
      0.40033361134278567,
      0.4487072560467056,
      0.42910758965804835,
      0.4370308590492077,
      0.4866555462885738,
      0.36822351959966637,
      0.44787322768974147,
      0.3302752293577982,
      0.4261884904086739,
      0.4824854045037531,
      0.347789824854045,
      0.3986655546288574,
      0.37656380316930776,
      0.3486238532110092,
      0.46246872393661387,
      0.5191826522101751,
      0.4007506255212677,
      0.35571309424520436,
      0.35446205170975814
    ]
  },
  "3shot": {
    "mean": 0.6194677284157586,
    "std": 0.050590918373907286,
    "max": 0.7317686504610227,
    "min": 0.5020955574182733,
    "median": 0.6181894383906119,
    "all_values": [
      0.6194467728415759,
      0.5020955574182733,
      0.6148365465213746,
      0.6512992455993294,
      0.6299245599329422,
      0.7074601844090528,
      0.5825649622799665,
      0.6148365465213746,
      0.721709974853311,
      0.6043587594300084,
      0.6483654652137468,
      0.6345347862531433,
      0.6668063704945516,
      0.5662196144174351,
      0.5624476110645432,
      0.6068734283319362,
      0.5620284995808885,
      0.588013411567477,
      0.6609388097233864,
      0.6974015088013411,
      0.5813076278290025,
      0.6823134953897737,
      0.6768650461022632,
      0.5746018440905281,
      0.7011735121542331,
      0.6475272422464375,
      0.6655490360435876,
      0.5440067057837384,
      0.6278290025146689,
      0.6424979044425817,
      0.5909471919530596,
      0.5846605196982397,
      0.567476948868399,
      0.6139983235540654,
      0.6571668063704945,
      0.6043587594300084,
      0.5033528918692373,
      0.5247275775356245,
      0.6165129924559933,
      0.6098072087175188,
      0.6621961441743504,
      0.7317686504610227,
      0.634953897736798,
      0.5787929589270746,
      0.6341156747694887,
      0.5930427493713327,
      0.5901089689857502,
      0.6517183570829841,
      0.694048616932104,
      0.6274098910310143,
      0.6316010058675607,
      0.6584241408214585,
      0.5322715842414082,
      0.6764459346186086,
      0.6395641240569991,
      0.6316010058675607,
      0.6165129924559933,
      0.5729253981559095,
      0.6169321039396479,
      0.6764459346186086,
      0.5532271584241408,
      0.6634534786253143,
      0.6135792120704108,
      0.5746018440905281,
      0.6441743503772004,
      0.636211232187762,
      0.5938809723386421,
      0.6370494551550713,
      0.6634534786253143,
      0.6751886001676446,
      0.6219614417435038,
      0.5649622799664711,
      0.5603520536462699,
      0.670997485331098,
      0.5926236378876781,
      0.5829840737636212,
      0.5800502933780386,
      0.5888516345347863,
      0.5775356244761106,
      0.6756077116512993,
      0.6160938809723386,
      0.5188600167644594,
      0.6483654652137468,
      0.5620284995808885,
      0.5435875943000839,
      0.6244761106454317,
      0.6856663872590109,
      0.5565800502933781,
      0.5616093880972338,
      0.71081307627829,
      0.6160938809723386,
      0.5477787091366303,
      0.6374685666387259,
      0.6856663872590109,
      0.6387259010896899,
      0.5637049455155071,
      0.7070410729253982,
      0.6580050293378038,
      0.6010058675607711,
      0.6827326068734283
    ]
  },
  "5shot": {
    "mean": 0.7062005054759901,
    "std": 0.05087378886500024,
    "max": 0.8390901432181971,
    "min": 0.5850884582982309,
    "median": 0.7095619208087616,