{
  "1shot": {
    "mean_mean": 0.4115735335001391,
    "mean_std": 0.001884646766916214,
    "std_mean": 0.0549578107421937,
    "all_means": [
      0.40925771476230194,
      0.4138740617180985,
      0.4115888240200167
    ],
    "all_stds": [
      0.053247436424183246,
      0.05520591939246381,
      0.05642007640993404
    ]
  },
  "3shot": {
    "mean_mean": 0.6160198379435596,
    "mean_std": 0.0032431941998550848,
    "std_mean": 0.051637834515254964,
    "all_means": [
      0.6194677284157586,
      0.6116764459346186,
      0.6169153394803017
    ],
    "all_stds": [
      0.050590918373907286,
      0.05570959432083007,
      0.04861299085102753
    ]
  },
  "5shot": {
    "mean_mean": 0.7050659926986803,
    "mean_std": 0.002796760609682385,
    "std_mean": 0.049054843096791846,
    "all_means": [
      0.7062005054759901,
      0.7012173546756528,
      0.7077801179443978
    ],
    "all_stds": [
      0.05087378886500024,
      0.04864313513765545,
      0.047647605287719864
    ]
  }
}