{
  "1shot": {
    "mean": 0.6960245587106677,
    "std": 0.10261304697851616,
    "max": 0.8626247122026094,
    "min": 0.3545663852647736,
    "median": 0.7150805832693784,
    "all_values": [
      0.6396776669224866,
      0.5920951650038373,
      0.6857252494244053,
      0.7072141212586339,
      0.6339217191097467,
      0.7655410590943975,
      0.7609363008442057,
      0.6788181120491175,
      0.6761320030698388,
      0.5264773599386032,
      0.8576362240982348,
      0.7586339217191097,
      0.7175748273215656,
      0.717191097467383,
      0.7363775901765157,
      0.7091327705295472,
      0.8526477359938603,
      0.546815042210284,
      0.7198772064466615,
      0.7874136607828089,
      0.7275518035303147,
      0.5368380660015349,
      0.7363775901765157,
      0.36185725249424405,
      0.7586339217191097,
      0.7122026093630084,
      0.7636224098234843,
      0.6730621642363775,
      0.6132003069838834,
      0.7060629316960859,
      0.6772831926323868,
      0.7252494244052188,
      0.8188795088257866,
      0.63584036838066,
      0.7835763622409824,
      0.6331542594013815,
      0.7927858787413661,
      0.6565617805065234,
      0.5633154259401382,
      0.772831926323868,
      0.5218726016884113,
      0.8495778971603991,
      0.6546431312356101,
      0.6899462778204144,
      0.7843438219493477,
      0.8207981580966999,
      0.44474290099769764,
      0.773983115886416,
      0.4804297774366846,
      0.8115886415963162,
      0.6768994627782041,
      0.7881811204911742,
      0.772831926323868,
      0.7720644666155027,
      0.6980046047582502,
      0.7152724481964697,
      0.5211051419800461,
      0.7148887183422871,
      0.6320030698388335,
      0.7966231772831927,
      0.5283960092095165,
      0.5441289332310054,
      0.7386799693016116,
      0.7264006139677667,
      0.8123561013046815,
      0.7647735993860323,
      0.6665387567152724,
      0.7413660782808903,
      0.7102839600920952,
      0.7498081350729087,
      0.7709132770529548,
      0.8219493476592479,
      0.7482732156561781,
      0.555640828856485,
      0.7367613200306984,
      0.7352264006139677,
      0.7336914811972371,
      0.3545663852647736,
      0.6968534151957022,
      0.6462010744435918,
      0.8626247122026094,
      0.6281657712970069,
      0.5598618572524943,
      0.6523407521105142,
      0.8135072908672295,
      0.6377590176515733,
      0.7022256331542595,
      0.7202609363008442,
      0.6438986953184958,
      0.7778204144282426,
      0.7678434382194935,
      0.7444359171143515,
      0.5299309286262471,
      0.6749808135072909,
      0.8480429777436684,
      0.6431312356101304,
      0.7820414428242517,
      0.6933998465080583,
      0.8254029163468918,
      0.6734458940905602
    ]
  },
  "3shot": {
    "mean": 0.8709276366435721,
    "std": 0.041540385417056416,
    "max": 0.9530408006158584,
    "min": 0.7182448036951501,
    "median": 0.8766358737490377,
    "all_values": [
      0.8876058506543495,
      0.9341801385681293,
      0.880292532717475,
      0.8987682832948422,
      0.852963818321786,
      0.8329484218629715,
      0.8872209391839877,
      0.9003079291762894,
      0.9157043879907621,
      0.8964588144726713,
      0.8702848344880677,
      0.9164742109314857,
      0.8860662047729022,
      0.8956889915319477,
      0.8456505003849115,
      0.8826020015396459,
      0.8733641262509623,
      0.8664357197844496,
      0.8645111624326405,
      0.8583525789068515,
      0.8344880677444187,
      0.8695150115473441,
      0.9014626635873749,
      0.8645111624326405,
      0.7886836027713626,
      0.8914549653579676,
      0.8752886836027713,
      0.9237875288683602,
      0.7844495765973826,
      0.8891454965357968,
      0.7182448036951501,
      0.9091608929946112,
      0.8752886836027713,
      0.857197844495766,
      0.9026173979984603,
      0.9060816012317167,
      0.8833718244803695,
      0.9010777521170131,
      0.75635103926097,
      0.8629715165511932,
      0.8598922247882987,
      0.834103156274057,
      0.8294842186297152,
      0.8672055427251733,
      0.865665896843726,
      0.8849114703618168,
      0.8637413394919169,
      0.8167821401077752,
      0.8752886836027713,
      0.945342571208622,
      0.894919168591224,
      0.8714395688991532,
      0.880292532717475,
      0.8279445727482679,
      0.9168591224018475,
      0.8883756735950731,
      0.9141647421093149,
      0.867590454195535,
      0.8287143956889915,
      0.9149345650500385,
      0.9287913779830639,
      0.876058506543495,
      0.859122401847575,
      0.9530408006158584,
      0.8791377983063895,
      0.9037721324095458,
      0.8367975365665897,
      0.8833718244803695,
      0.8233256351039261,
      0.874133949191686,
      0.8583525789068515,
      0.8560431100846805,
      0.8729792147806005,
      0.7767513471901463,
      0.8772132409545804,
      0.8872209391839877,
      0.8352578906851424,
      0.8791377983063895,
      0.852963818321786,
      0.8976135488837568,
      0.9091608929946112,
      0.8964588144726713,
      0.7759815242494227,
      0.8325635103926097,
      0.9484218629715165,
      0.8795227097767514,
      0.8710546574287914,
      0.8325635103926097,
      0.8829869130100076,
      0.9210931485758276,
      0.8491147036181679,
      0.7532717474980755,
      0.8849114703618168,
      0.9122401847575058,
      0.9122401847575058,
      0.8891454965357968,
      0.8629715165511932,
      0.8968437259430331,
      0.8822170900692841,
      0.8002309468822171
    ]
  },
  "5shot": {
    "mean": 0.9197606177606177,
    "std": 0.030032673034393605,
    "max": 0.9741312741312741,
    "min": 0.8382239382239383,
    "median": 0.9214285714285715,