{
  "1shot": {
    "mean": 0.7051074443591712,
    "std": 0.09302932613855207,
    "max": 0.8369148119723715,
    "min": 0.28626247122026094,
    "median": 0.7221795855717574,
    "all_values": [
      0.7774366845740599,
      0.6657712970069072,
      0.6385264773599386,
      0.6546431312356101,
      0.7455871066768994,
      0.7375287797390637,
      0.7824251726784344,
      0.7743668457405987,
      0.6872601688411358,
      0.6020721412125863,
      0.6761320030698388,
      0.773983115886416,
      0.7398311588641596,
      0.8369148119723715,
      0.8227168073676132,
      0.7083653108211819,
      0.70376055257099,
      0.61128165771297,
      0.555640828856485,
      0.7858787413660783,
      0.7440521872601689,
      0.5652340752110514,
      0.717191097467383,
      0.7670759785111282,
      0.7168073676132003,
      0.5402916346891788,
      0.7513430544896393,
      0.4742900997697621,
      0.7854950115118956,
      0.7858787413660783,
      0.7029930928626247,
      0.7954719877206446,
      0.6745970836531082,
      0.6009209516500383,
      0.7881811204911742,
      0.41442824251726784,
      0.7425172678434382,
      0.8035303146584805,
      0.6650038372985418,
      0.6676899462778204,
      0.6903300076745971,
      0.28626247122026094,
      0.7743668457405987,
      0.7709132770529548,
      0.8319263238679969,
      0.48426707597851115,
      0.6178050652340752,
      0.6784343821949348,
      0.6699923254029163,
      0.7701458173445894,
      0.6688411358403684,
      0.7893323100537222,
      0.7751343054489639,
      0.6435149654643131,
      0.7770529547198772,
      0.7874136607828089,
      0.7885648503453568,
      0.7333077513430545,
      0.7555640828856485,
      0.7689946277820414,
      0.6999232540291634,
      0.7705295471987721,
      0.6596316193399846,
      0.6300844205679201,
      0.7659247889485802,
      0.6415963161933999,
      0.6669224865694551,
      0.7352264006139677,
      0.8066001534919417,
      0.6822716807367614,
      0.6404451266308518,
      0.8326937835763623,
      0.7735993860322333,
      0.8215656178050652,
      0.4742900997697621,
      0.7302379125095932,
      0.7709132770529548,
      0.6519570222563316,
      0.7114351496546432,
      0.6872601688411358,
      0.7168073676132003,
      0.5529547198772065,
      0.7348426707597852,
      0.63584036838066,
      0.681504221028396,
      0.7812739831158864,
      0.7881811204911742,
      0.7244819646968534,
      0.6807367613200307,
      0.6684574059861857,
      0.7221795855717574,
      0.7306216423637759,
      0.7029930928626247,
      0.7221795855717574,
      0.7770529547198772,
      0.7824251726784344,
      0.7900997697620875,
      0.7056792018419032,
      0.7325402916346891,
      0.681504221028396
    ]
  },
  "3shot": {
    "mean": 0.8792147806004619,
    "std": 0.037953910524588845,
    "max": 0.9399538106235565,
    "min": 0.6905311778290993,
    "median": 0.8876058506543495,
    "all_values": [
      0.874133949191686,
      0.8818321785989223,
      0.8995381062355658,
      0.9364896073903002,
      0.9003079291762894,
      0.8868360277136259,
      0.888760585065435,
      0.8914549653579676,
      0.844495765973826,
      0.9122401847575058,
      0.8929946112394149,
      0.894919168591224,
      0.9003079291762894,
      0.8872209391839877,
      0.8217859892224788,
      0.8983833718244804,
      0.8206312548113934,
      0.8598922247882987,
      0.8702848344880677,
      0.8787528868360277,
      0.859122401847575,
      0.8294842186297152,
      0.8906851424172441,
      0.9068514241724404,
      0.8756735950731331,
      0.8972286374133949,
      0.9006928406466512,
      0.9330254041570438,
      0.8783679753656659,
      0.8876058506543495,
      0.9145496535796767,
      0.8775981524249422,
      0.9083910700538876,
      0.8729792147806005,
      0.8648960739030023,
      0.9287913779830639,
      0.7979214780600462,
      0.8999230177059276,
      0.8725943033102387,
      0.8995381062355658,
      0.9072363356428021,
      0.7944572748267898,
      0.8113933795227097,
      0.888760585065435,
      0.8999230177059276,
      0.8849114703618168,
      0.880292532717475,
      0.8764434180138568,
      0.8625866050808314,
      0.8953040800615858,
      0.8883756735950731,
      0.8402617397998461,
      0.9107005388760585,
      0.9226327944572749,
      0.8895304080061586,
      0.9003079291762894,
      0.8772132409545804,
      0.9133949191685913,
      0.8814472671285605,
      0.9399538106235565,
      0.8799076212471132,
      0.8414164742109315,
      0.8606620477290223,
      0.8929946112394149,
      0.8029253271747498,
      0.9122401847575058,
      0.9107005388760585,
      0.8910700538876059,
      0.8856812933025404,
      0.8906851424172441,
      0.8876058506543495,
      0.8394919168591224,
      0.8929946112394149,
      0.911855273287144,
      0.8494996150885297,
      0.8606620477290223,
      0.8668206312548113,
      0.9372594303310239,
      0.9041570438799076,
      0.7906081601231717,
      0.8856812933025404,
      0.9076212471131639,
      0.8498845265588915,
      0.9311008468052347,
      0.8795227097767514,
      0.8876058506543495,
      0.9083910700538876,
      0.9187836797536567,
      0.6905311778290993,
      0.8922247882986913,
      0.8852963818321786,
      0.8548883756735951,
      0.8279445727482679,
      0.7882986913010007,
      0.8622016936104696,
      0.9164742109314857,
      0.9099307159353349,
      0.8987682832948422,
      0.8791377983063895,
      0.8356428021555042
    ]
  },
  "5shot": {
    "mean": 0.9171737451737453,
    "std": 0.03082979452135751,
    "max": 0.9722007722007722,
    "min": 0.8324324324324325,
    "median": 0.9156370656370656,