{
  "FID_full": 187095.72151460708,
  "FID_selected": 5273.855182999305,
  "MMD": 0.00415682925561333,
  "KID": 8660193385014784.0
}